title	isbn
Wolf in the Snow	9781250076366
Radiant Child: The Story of Young Artist Jean-Michel Basquiat	9780316213882
Finding Winnie: The True Story of the World's Most Famous Bear	9780316324908
The Adventures of Beekle: The Unimaginary Friend	9780316199988
Locomotive	9781416994152
This Is Not My Hat	9780763655990
A Ball for Daisy	9780375858611
A Sick Day for Amos McGee	9781596434028
The Lion and the Mouse	9780316013567
The House in the Night	9780618862443
The Invention of Hugo Cabret	9780439813785
Flotsam	9780618194575
The Hello, Goodbye Window	9780786809141
Kitten's First Full Moon	9780060588281
The Man Who Walked Between the Towers	9780312368784
My Friend Rabbit	9780312367527
The Three Pigs	9780618007011
So You Want To Be President?	9780399243172
Joseph Had a Little Overcoat	9780670878550
Snowflake Bentley	9780547248295
Rapunzel	9780590386029
Golem	9780618894246
Officer Buckle and Gloria	9780399226168
Smoky Night	9780152018849
Grandfather's Journey	9780547076805
Mirette on the High Wire	9780698114432
Tuesday	9780395870822
Black and White	9780618636877
Lon Po Po: A Red-Riding Story from China	9780698113824
Song and Dance Man	9780679819950
Owl Moon	9780399214578
Hey, Al	9780374429850
The Polar Express	9780544580145
Saint George and the Dragon	9780316367950
The Glorious Flight	9780140507294
Shadow	9780689718755
Jumanji	9780547608389
Fables	9780064430463
Ox-Cart Man	9780140504415
The Girl Who Loved Wild Horses	9780689716966
Noah's Ark	9780440406938
Ashanti to Zulu: African Traditions	9780140546040
Why Mosquitoes Buzz in People's Ears	9780140549058
Arrow to the Sun	9780140502114
Duffy and the Devil	9780374418977
The Funny Little Woman	9780140547535
One Fine Day	9780020436201
A Story a Story	9780689712012
Sylvester and the Magic Pebble	9781442435605
The Fool of the World and the Flying Ship	9780374324421